thumbnail,profile_img,username,created_at
https://scontent-nrt1-1.cdninstagram.com/v/t51.2885-15/e35/s1080x1080/90089934_629721537593540_1421415457532419641_n.jpg?_nc_ht=scontent-nrt1-1.cdninstagram.com&_nc_cat=108&_nc_ohc=Mabbfl6PRpsAX8cJ37v&oh=c7e4fd147bb81bd0256e1458b594b0a9&oe=5EC8B15E,https://scontent-nrt1-1.cdninstagram.com/v/t51.2885-19/s150x150/70974914_505519036690231_1027654046070079488_n.jpg?_nc_ht=scontent-nrt1-1.cdninstagram.com&_nc_ohc=GoyDgcu2ysIAX8X2LVx&oh=8853b873d3d17c342381484c579eddc9&oe=5EC9BE84,oooooongs,a month ago
https://scontent-nrt1-1.cdninstagram.com/v/t51.2885-15/e35/90965284_156793475797852_3025982065469987315_n.jpg?_nc_ht=scontent-nrt1-1.cdninstagram.com&_nc_cat=104&_nc_ohc=55nhpJ9xffQAX9Oil0V&oh=8dface34e6afc6e58b01c04ac9c81482&oe=5EC38545,https://scontent-nrt1-1.cdninstagram.com/v/t51.2885-19/s150x150/78946405_606792979862910_2782874727448838144_n.jpg?_nc_ht=scontent-nrt1-1.cdninstagram.com&_nc_ohc=hoblAFaZFAcAX-h6APD&oh=a66518426659232ab7cba829f19f01ce&oe=5EC4458B,ji__yeonma,a month ago
https://scontent-nrt1-1.cdninstagram.com/v/t51.2885-15/sh0.08/e35/s640x640/83265763_126349345286547_6478631716783535706_n.jpg?_nc_ht=scontent-nrt1-1.cdninstagram.com&_nc_cat=103&_nc_ohc=epeEBHtyIdQAX8H-_F5&oh=19d4f85abbef0f1209bf0ee113e7c9b3&oe=5EC8B536,https://scontent-nrt1-1.cdninstagram.com/v/t51.2885-19/s150x150/92818883_242251080163948_193333194005676032_n.jpg?_nc_ht=scontent-nrt1-1.cdninstagram.com&_nc_ohc=0tRmtfBInYwAX_GSQyi&oh=5917fe7fdfe5b67cb9fc18f2015bff6f&oe=5EC82F78,rlacksdnd,3 months ago
https://scontent-nrt1-1.cdninstagram.com/v/t51.2885-15/sh0.08/e35/s640x640/88204899_2939951879401911_6675140629959806475_n.jpg?_nc_ht=scontent-nrt1-1.cdninstagram.com&_nc_cat=103&_nc_ohc=-Rz5PScrficAX8WSBtF&oh=0be7d431911041b2b4cf3deeacd180b4&oe=5ECAC6FA,https://scontent-nrt1-1.cdninstagram.com/v/t51.2885-19/s150x150/84157494_126845108631346_8175654012406726656_n.jpg?_nc_ht=scontent-nrt1-1.cdninstagram.com&_nc_ohc=U3TvI0SBG1sAX8VDyjE&oh=259b4ff18edcbe7e1a273e095c597226&oe=5ECA2801,sssusoo,2 months ago
https://scontent-nrt1-1.cdninstagram.com/v/t51.2885-15/sh0.08/e35/s640x640/91023065_867486267049036_7721729249899061274_n.jpg?_nc_ht=scontent-nrt1-1.cdninstagram.com&_nc_cat=104&_nc_ohc=l5RrF7u-w7kAX9ZP9oC&oh=888b4e3d22dcea01a012a39e9b7a3f00&oe=5EC7F05C,https://scontent-nrt1-1.cdninstagram.com/v/t51.2885-19/s150x150/93133704_256339809095300_181031162129416192_n.jpg?_nc_ht=scontent-nrt1-1.cdninstagram.com&_nc_ohc=VqQJEFLJaBkAX8dnV8X&oh=8381669eb47346837ebfaf6abedb4401&oe=5ECA3A0B,_xx.d_b.xx_,a month ago
https://scontent-nrt1-1.cdninstagram.com/v/t51.2885-15/e35/s1080x1080/91201450_658612198044739_8601147908094972394_n.jpg?_nc_ht=scontent-nrt1-1.cdninstagram.com&_nc_cat=107&_nc_ohc=xqoyhhnCiDwAX_MJdZa&oh=e3ce7fd6af410b48af812cbf1cab496a&oe=5EC7B811,https://scontent-nrt1-1.cdninstagram.com/v/t51.2885-19/s150x150/62160120_189976555249548_4656844940960071680_n.jpg?_nc_ht=scontent-nrt1-1.cdninstagram.com&_nc_ohc=zSm98YxVHu8AX_A_i5D&oh=f0c3c177cd525a1e8fc4c1c082da437d&oe=5EC94156,suyeon_we,a month ago
https://scontent-nrt1-1.cdninstagram.com/v/t51.2885-15/e35/91098798_507263996586127_4142087671905574642_n.jpg?_nc_ht=scontent-nrt1-1.cdninstagram.com&_nc_cat=107&_nc_ohc=vB9nC7FE_JsAX9ojHnM&oh=d3077f9afa92f5cedf6d8e0dd07081a8&oe=5EC9BF0F,https://scontent-nrt1-1.cdninstagram.com/v/t51.2885-19/s150x150/91558952_1208700949473498_1760770947356295168_n.jpg?_nc_ht=scontent-nrt1-1.cdninstagram.com&_nc_ohc=DucRut8lzcYAX-KL1oG&oh=0346398f67127afa49de56c885a67ed1&oe=5EC9092B,morning_ssun,a month ago
https://scontent-nrt1-1.cdninstagram.com/v/t51.2885-15/sh0.08/e35/s640x640/84872585_556400691632821_6959180589912372220_n.jpg?_nc_ht=scontent-nrt1-1.cdninstagram.com&_nc_cat=101&_nc_ohc=SFr4boJvvUsAX8llaxN&oh=4eb2bbe9366c0071874e822f8319db49&oe=5EC87FAB,https://scontent-nrt1-1.cdninstagram.com/v/t51.2885-19/s150x150/73271953_392606438311429_3413950532996300800_n.jpg?_nc_ht=scontent-nrt1-1.cdninstagram.com&_nc_ohc=Y6v4R0DbR3UAX9_gPrm&oh=5fb0308e007147c1dec04e49d93bb218&oe=5ECA5553,underexz,2 months ago
https://scontent-nrt1-1.cdninstagram.com/v/t51.2885-15/sh0.08/e35/s640x640/81687440_1119328968398929_2667379347133935732_n.jpg?_nc_ht=scontent-nrt1-1.cdninstagram.com&_nc_cat=101&_nc_ohc=bVWHhy6FQpEAX87jvRW&oh=f1df403ac03b27b9a332de9277da3a37&oe=5EC927D4,https://scontent-nrt1-1.cdninstagram.com/v/t51.2885-19/s150x150/74446391_486295762241514_6780438396016787456_n.jpg?_nc_ht=scontent-nrt1-1.cdninstagram.com&_nc_ohc=V4WTM2t5oUsAX9BYhOM&oh=e9aa8189c8a7684d5b1594ae8323f1c4&oe=5EC7F069,onenebs,2 months ago
https://scontent-nrt1-1.cdninstagram.com/v/t51.2885-15/sh0.08/e35/s640x640/84496661_507382816823061_1325393355741454226_n.jpg?_nc_ht=scontent-nrt1-1.cdninstagram.com&_nc_cat=109&_nc_ohc=jaE0P65D0uwAX9Ww1ub&oh=ab669a7346df5ae69658280a1e715644&oe=5EC90ECC,https://scontent-nrt1-1.cdninstagram.com/v/t51.2885-19/s150x150/93810933_245128560205429_1069328736513425408_n.jpg?_nc_ht=scontent-nrt1-1.cdninstagram.com&_nc_ohc=EqO4dzDAKGUAX-KcOaU&oh=86e10dfa0e64951589425af6ddd89a84&oe=5EC9B752,a_yoojeong,2 months ago
https://scontent-ssn1-1.cdninstagram.com/v/t51.2885-15/sh0.08/e35/s640x640/87219475_593729791209732_8317350059087955583_n.jpg?_nc_ht=scontent-ssn1-1.cdninstagram.com&_nc_cat=100&_nc_ohc=Me16T_w5t68AX_wTy0o&oh=bec6413e364b461cd937096326d17016&oe=5EA43252,https://cdn.attractt.com/embed/images/error/404-profile.png,nna__o,2 months ago
https://scontent-nrt1-1.cdninstagram.com/v/t51.2885-15/sh0.08/e35/s640x640/82478871_2200421336931785_4050272546216125790_n.jpg?_nc_ht=scontent-nrt1-1.cdninstagram.com&_nc_cat=105&_nc_ohc=g6mHbxYqO_EAX-sj7I4&oh=36a8e0a87ebd8325248af374f4529af4&oe=5EC80E79,https://scontent-nrt1-1.cdninstagram.com/v/t51.2885-19/s150x150/90094150_225577428594571_5157742108831907840_n.jpg?_nc_ht=scontent-nrt1-1.cdninstagram.com&_nc_ohc=7bi64YV9LJAAX_R4nYc&oh=a7ca2e5be0299a2879be57999fe4c7e2&oe=5EC8A714,bae_seang.jin,3 months ago
https://scontent-gmp1-1.cdninstagram.com/v/t51.2885-15/sh0.08/e35/s640x640/91203221_2568697863450996_7367593517605752695_n.jpg?_nc_ht=scontent-gmp1-1.cdninstagram.com&_nc_cat=100&_nc_ohc=s2bfWo8eByMAX_i-M7u&oh=5ca5c95962792437e9974945520da379&oe=5EC84D51,https://scontent-gmp1-1.cdninstagram.com/v/t51.2885-19/s150x150/93520573_245185460011517_2130574542144274432_n.jpg?_nc_ht=scontent-gmp1-1.cdninstagram.com&_nc_ohc=xmNoDg-FrP0AX-wTUdO&oh=d1c73f4fef096eb72d2ac127508ae3db&oe=5ECACC86,a_fone_05,a month ago
https://scontent-gmp1-1.cdninstagram.com/v/t51.2885-15/sh0.08/e35/s640x640/82390303_3231770396838411_5806562816692912700_n.jpg?_nc_ht=scontent-gmp1-1.cdninstagram.com&_nc_cat=103&_nc_ohc=yMuSAUCcghYAX__FC_6&oh=23a2bf84dbe221a3fc7b37a05c90bac1&oe=5EB6A3D3,https://scontent-gmp1-1.cdninstagram.com/v/t51.2885-19/s150x150/91419306_207084787377945_4363940064137314304_n.jpg?_nc_ht=scontent-gmp1-1.cdninstagram.com&_nc_ohc=tLsKBEUijLkAX9SPFEE&oh=16f0bcd1ded18b87989874c4adc8c3c2&oe=5EB919FA,paperrr_,3 months ago
https://scontent-nrt1-1.cdninstagram.com/v/t51.2885-15/e35/s1080x1080/69298051_938807996498461_2678027208727607762_n.jpg?_nc_ht=scontent-nrt1-1.cdninstagram.com&_nc_cat=101&_nc_ohc=7CGcTRVNPSwAX_hL46z&oh=19755439cf0e1369636c488ee79820e1&oe=5EC8C5BE,https://scontent-nrt1-1.cdninstagram.com/v/t51.2885-19/s150x150/71189506_1489559457866750_6907960416031211520_n.jpg?_nc_ht=scontent-nrt1-1.cdninstagram.com&_nc_ohc=b6-nmKZW-68AX9gi4JH&oh=ec127c646dbd38ce1b1acc46502395e8&oe=5EC8A647,ddon_nah,7 months ago
https://scontent-nrt1-1.cdninstagram.com/v/t51.2885-15/sh0.08/e35/s640x640/91233501_1520449358136685_7240799019112720116_n.jpg?_nc_ht=scontent-nrt1-1.cdninstagram.com&_nc_cat=101&_nc_ohc=lUgB2OILVRQAX9TnP65&oh=8774675105055e816b0985d4ffdbb11d&oe=5EC9F4C7,https://scontent-nrt1-1.cdninstagram.com/v/t51.2885-19/s150x150/20687337_139033806696163_6665410096564011008_a.jpg?_nc_ht=scontent-nrt1-1.cdninstagram.com&_nc_ohc=DtPB5FdrGEEAX9bLoP6&oh=9c859485ab8505ed35b35051ca7d2f2a&oe=5ECA1E83,jjinhyeokii,25 days ago
